group,target,normalizer,delta_ct,delta_delta_ct,fold_change
no_treatment,25.6,17.5,8.100000000000001,-0.20999999999999908,1.1566881839052867
no_treatment,25.8,16.9,8.900000000000002,0.5900000000000016,0.664342907048255
no_treatment,26.0,17.4,8.600000000000001,0.2900000000000009,0.8179020585577806
no_treatment,25.4,17.7,7.699999999999999,-0.6100000000000012,1.5262592089605604
no_treatment,25.45,17.2,8.25,-0.0600000000000005,1.0424657608411219
treatment,24.9,17.3,7.599999999999998,-0.7100000000000026,1.6358041171155653
treatment,24.7,17.9,6.800000000000001,-1.5099999999999998,2.848100391194143
treatment,24.5,17.3,7.199999999999999,-1.1100000000000012,2.1584564730088562
treatment,24.3,17.4,6.900000000000002,-1.4099999999999984,2.65737162819302
