group,target,normalizer,delta_ct,delta_delta_ct,fold_change
no_treatment,1,0.5,0.5,-2.0,0.7071067811865476
no_treatment,2,0.5,1.5,-1.0,0.3535533905932738
no_treatment,3,0.5,2.5,0.0,0.1767766952966369
no_treatment,4,0.5,3.5,1.0,0.08838834764831845
no_treatment,5,0.5,4.5,2.0,0.04419417382415922
treatment,6,0.5,5.5,3.0,0.02209708691207961
treatment,7,0.5,6.5,4.0,0.011048543456039806
treatment,8,0.5,7.5,5.0,0.005524271728019903
treatment,9,0.5,8.5,6.0,0.0027621358640099515
